Numero,Codigo_Unico,Nombre,Total_Presupuesto_de_Egresos_Autorizado_PEA,PEA_Servicios_Personales,PEA_Materiales_y_Suministros,PEA_Servicios_Generales,PEA_Transferencias,PEA_Bienes_Muebles_e_Inmuebles,PEA_Obras_Publicas_y_Construcciones,PEA_Deuda_Publica_Presupuestada,PEA_FISM,PEA_FORTAMUN_DF,PEA_Otras_Aportaciones,PEA_Inversion_en_Infraestructura_y_Equipamiento_Urbano_Municipal,Total_Presupuesto_de_Egresos_Ejercido_PEE,PEE_Servicios_Personales,PEE_Materiales_y_Suministros,PEE_Servicios_Generales,PEE_Transferencias,PEE_Bienes_Muebles_e_Inmuebles,PEE_Obras_Publicas_y_Construcciones,PEE_Deuda_Publica_Presupuestada,PEE_FISM,PEE_FORTAMUN_DF,PEE_Otras_Aportaciones,PEE_Inversion_en_Infraestructura_y_Equipamiento_Urbano_Municipal,Poblacion_Total,Ejercicio
1,200100010000000000, AHUMADA ,43806446.2,17395000,4055000,4220000,3010000,211860.8,3444936.76,2140000,4198703,5130945.64,0,0,51638337.1,18824344.51,4302367.49,7635766.25,5511427.77,0,4684297.06,0,5270490.24,4623511.72,786132.06,0,11457,2012
2,200100020000000000, ALDAMA ,60159131.18,21417811.2,3302700,7080000,3946000,350000,9121963.06,0,4952846,9987810.92,0,0,62098906.24,20806458.87,3315782.58,8572809.29,4794757.1,0,5138179.18,14020,3863230.5,9674730.99,5224838.85,694098.88,22302,2012
3,200100030000000000, ALLENDE ,34694256.49,13594000,2975500,4270041.06,2092000,386000,1998568.48,2520000,3092229,3765917.95,0,0,33323527.71,11675529.36,4166624.61,4749233.4,2178832.26,0,2468243.59,0,1974835.8,3025705.12,2642429.57,442094,8409,2012
4,200100040000000000, AQUILES SERDAN ,40363181.67,16238310.76,2597569.26,9580200,2836372.82,539599,1680000,1617998.02,486578,4786553.81,0,0,43443704.89,18023549.16,4022384.66,9987998.59,3065038.23,0,374160.46,0,1483264.97,4619573.26,1867735.56,0,10688,2012
5,200100050000000000, ASCENSION ,50941939.77,12258615.71,3622000,5275600,6520000,230934.61,5401374.96,0,6896361,10737053.49,0,0,54434195.56,15398836.28,3509935.86,8543325.86,7232789.01,0,647365.61,19541.03,6123451.26,10104557.08,2822183.68,32209.89,23975,2012
6,200100060000000000, BACHINIVA ,25078459.79,4775366.66,2602202.41,4389000,5115688.05,465000,1870625.99,350000,2818588,2691988.68,0,0,26523894.01,4655793.59,2684070.83,3823222.32,4629034.72,0,4077874.8,0,1150971.21,2300396.32,2822485.82,380044.4,6011,2012
7,200100070000000000, BALLEZA ,65785917.6,11043227.86,4134793.79,2324532.38,5383255.42,2000000,1679656.71,0,31306157,7914294.44,0,0,63738509.33,13068900.92,3188214.9,3207971.24,5230157.46,0,1543234.63,0,30392265.43,7107764.75,0,0,17672,2012
8,200100080000000000, BATOPILAS ,58534646.96,8481349.32,2475897.91,2522000,1654000,75000,2031605.83,2220000,32642862,6431931.9,0,0,61493056.11,8625837.1,3253750.94,3340226.1,2053537.52,0,25642.87,0,36035514.35,5421797.91,2736749.32,0,14362,2012
9,200100090000000000, BOCOYNA ,78390083.51,19126963.33,3660000,3692491.79,6880246.96,285000,6275470.62,2500000,23087238,12882672.81,0,0,86342155.96,20577603.39,3621389.78,4166970.16,8349742.41,0,1766031.28,0,30945934.6,13355784.61,3558699.73,0,28766,2012
10,200100100000000000, BUENAVENTURA ,59325658.66,18023000,3894654,5491312.66,4094495.56,1802000,5635803.4,1650000,8712546,10021847.04,0,0,61330442.84,17747310.96,3476006.44,9471455.8,5940722.13,0,1829885.42,2360,7297829.34,10189797.52,4156512.49,1218562.74,22378,2012
11,200100110000000000, CAMARGO ,146917101.7,68761720.41,6130950,20182230,11402600,100000,3000000,3600000,11908115,21831486.27,0,0,170942353.2,73358448.9,7560029.92,22297457.18,9773327.46,12013249.34,6004028.59,0,7811400.44,21103624.66,7803796.19,3216990.52,48748,2012
12,200100120000000000, CARICHI ,37581912.14,8615691.01,3948251.51,3170310.72,2841877,1347289.27,0,0,13719707,3938785.63,0,0,45716088.58,8596445.03,4182225.72,3025729.4,2768035.01,0,1657347.02,0,19510891.25,2611968.52,3234486.18,128960.45,8795,2012
13,200100130000000000, CASAS GRANDES ,31574362.49,12168417.67,3752854.82,3595177.4,3585600,0,0,0,3730991,4741321.6,0,0,32618609.25,12297913.79,3481441.15,4564728.96,1812273.07,0,110050.97,0,2679369.04,2014044.7,5160438.41,498349.16,10587,2012
14,200100180000000000, CHIHUAHUA ,2170595749,663340929.5,90590396.96,242081558.4,277797225.1,66679661.58,590697977,239408000,0,0,0,0,2365462194,736769980,121932360,330313290,333383310,76275570,464796700,193816974,0,0,108174010,0,819543,2012
15,200100190000000000, CHINIPAS ,34286560.81,7760776,1802100,4712767.86,2320000,250000,2450000,0,11210668,3780248.95,0,0,39091577.39,6388094.08,1589666.88,5057584.98,2425852.96,0,1278067.68,0,18834734.36,3733138.21,-215561.76,0,8441,2012
16,200100140000000000, CORONADO ,15737860.48,7458743.15,1978700,1706000,1200000,30000,691136.64,895800,829924.35,947556.34,0,0,14371974.63,6013966.52,2829598.12,1489367.47,1071729.59,0,862830.03,0,664319.78,840352.4,599810.72,0,2284,2012
17,200100150000000000, COYAME DEL SOTOL ,17980753.26,8700867.4,1715796.87,1340000,915000,210000,1278907.14,2300000,767356.54,752825.31,0,0,16338578.84,9078008.67,2390094.23,1985271.03,1284076.79,0,293335.53,326,377407.31,600371.28,272088,57600,1681,2012
18,200100160000000000, CUAUHTEMOC ,389630577,145215158,37586046,40432867,39836769,4735838,111538185,10285714,0,0,0,0,473020856.9,118613321,20091341.12,44447380.3,70487826.35,0,219380988.13,0,0,0,0,0,154639,2012
19,200100170000000000, CUSIHUIRIACHI ,27621467.79,7093669,2427816,3237818.61,3412662.21,245000,5050000,0,3729876,2424625.97,0,0,27767844.14,7472794.36,2223963.37,3742213.67,3649530.29,0,3071340.12,0,2864961.99,2018628.79,2724411.55,0,5414,2012
20,200100200000000000, DELICIAS ,331666654.2,141481330.5,18311973.02,61676175.46,46924932.25,3272242.93,40000000,20000000,0,0,0,0,315176361.29,145869482.54,23589890.15,79482256.57,63183577.5,,,3051154.53,,,,,137935,2012
21,200100210000000000, DR. BELISARIO DOMINGUEZ ,20889769.43,6494466.67,2544000,2881500,3547000,625000,840686.65,0,2653443,1303673.11,0,0,17699885.34,5482478.49,2497142.62,3100660.45,3036466.21,0,2557056.63,0,77864.19,948216.75,0,0,2911,2012
22,200100220000000000, EL TULE ,16526340.37,5781509.23,958725,1645888.68,3199862,0,1780334.52,400794,1922207,837019.94,0,0,18405663.23,6676312.68,979725.22,1307063.9,3480149.81,0,996469.82,0,946065,867836.41,3151262.39,778,1869,2012
23,200100230000000000, GALEANA ,21981231.5,6485720,1578500,4145012,2135008,345000,1940022.23,1365000,1348274,2638695.27,0,0,21185368.71,6690577.87,3209015.52,4080991.32,2447233.51,0,179635.31,0,843629.36,2261273.14,1473012.68,0,5892,2012
24,200100240000000000, GOMEZ FARIAS ,29741263.64,7237950,1733000,5617000,5288000,700000,1469487.29,0,3813622,3882204.35,0,0,28017082.35,5600431.65,790441.44,4435065.68,4328387.48,0,2799676.41,0,1919966.05,3390524.79,4432150.39,320438.46,8624,2012
25,200100250000000000, GRAN MORELOS ,18634211.05,5587452,2221854.44,3082317.3,3071346.77,1125000,255000,0,1854110,1437130.54,0,0,18065430.9,6186493.13,2350378.61,3409797.76,2230988.18,0,128163.51,0,812648.59,976201.35,1576630.86,394128.91,3209,2012
26,200100280000000000, GUACHOCHI ,144250935.4,32755918.13,2737000,3809000,4875000,0,0,0,77821110,22252907.22,0,0,171653067.4,26177571.28,2132778.69,4809047.81,4806467.86,0,0,0,111094401.9,21663239.71,-363.33,969923.39,49689,2012
27,200100260000000000, GUADALUPE ,32326912,11918367,2626150,2202200,3585000,1278000,2298678,0,4012371,4406146,0,0,36590380.81,10117925.02,2790711.52,4127894.88,3738296.25,0,4539627.31,5025.36,3813215.88,765174.83,5853004.9,839504.86,6458,2012
28,200100270000000000, GUADALUPE Y CALVO ,162883136.2,22415735,2352800,6504901,11647288.97,900000,5714305.34,0,89388914,23959191.84,0,0,160196328.1,22272975.82,2631340.27,8011944.2,14594044.16,0,2901923.48,0,85880754.26,23903345.92,0,0,53499,2012
29,200100290000000000, GUAZAPARES ,36726447.59,10063085.34,1722680,2475048.4,2552800,1030000,0,0,14853136,4029697.85,0,0,34681401.47,9094379.57,1444074.36,3368780.79,2076314.87,0,0,0,8076104.76,3093924.16,7527822.96,0,8998,2012
30,200100300000000000, GUERRERO ,122158851.7,30758400,2457900,10301000,16415528,1575000,9292959.71,4998250,28613558,17746256,0,0,104751683.9,30439546.45,1825308.89,11792847.1,18469395.78,0,10329589.86,0,17034343.6,14860652.23,0,0,39626,2012
31,200100310000000000, HIDALGO DEL PARRAL ,297093873,141476776.6,18173354.3,38478712.54,13224603.51,8669007,14769231.2,110001,14245589,47946597.84,0,0,301606186.5,149027299.3,16189248.14,52584217.39,10662280.27,0,11433466.78,226709.9,13237255.53,48245709.19,0,0,107061,2012
32,200100320000000000, HUEJOTITAN ,16459282.81,7377000,1226000,1137000,2265000,560000,2154623.73,0,1269871,469788.08,0,0,16940329.75,6483099.26,1328196.45,890656.51,2394997.6,0,3592436.61,0,527746,0,1723197.32,0,1049,2012
33,200100330000000000, IGNACIO ZARAGOZA ,27528236.22,11278283,2065000,4117939.54,2271850.24,0,0,0,4689815,3105348.44,0,0,27810796.61,9478028.56,2535046.67,4932091.41,2111695.46,0,6163.16,0,2248714.19,2334381.07,3526746.02,637930.07,6934,2012
34,200100340000000000, JANOS ,27348642,6805824,2368360,4606584,2228000,505000,1672412,0,4557087,4605375,0,0,30854886.7,7323031.29,4595111.82,5493172.43,2435720.07,,577620.49,0,3928284.81,4688387.63,1143573.62,669984.54,10953,2012
35,200100350000000000, JIMENEZ ,109252908.5,44859839.03,5544926.68,8684000.04,2818643.92,0,13873833.16,3300000,11691394,18480271.62,0,0,104367040.1,46221687.83,10304937.51,12135514.95,4596257.12,0,3343398.55,0,10349616.55,11315758.53,3502514,2597355.03,41265,2012
36,200100360000000000, JUAREZ ,2824643968,1064309450,94679485.03,624682551.9,499025572.9,113825177,343760020,60750000,0,0,23611710.67,0,2910186249,1070255392,112949605.9,663969633.9,507344947.7,101573092.8,384952202.5,57737014.92,0,0,11404359.54,0,1332131,2012
37,200100370000000000, JULIMES ,23260207.95,8141450.26,2279000,3376100,2772540.09,450000,2270847.6,240000,1512100,2218170,0,0,21087700.25,7939555.79,1465567.11,1685983.89,3217022.82,0,367288.66,2350,1318330.59,1734035.66,2875236.05,482329.68,4953,2012
38,200100380000000000, LA CRUZ ,19351080.83,6561058.35,2194002,3142841.21,2214000,360002,1575365.53,0,1520498,1783313.74,0,0,19586109.55,6204407.65,1977073.68,3992161.36,1467009.92,0,1457912.98,0,812265.73,1297912.1,2377366.13,0,3982,2012
39,200100390000000000, LOPEZ ,21624387.75,7386278.27,3092100,2837412.69,2047600,780153.33,1034182.08,887163.35,1756927,1802571.03,0,0,23566156.22,7408402.8,3865579.23,3233304.64,2335770.68,0,2314063.52,0,1473767.78,1632213.5,1198137.37,104916.7,4025,2012
40,200100400000000000, MADERA ,119684759.7,44517262.52,4594874,11532490,3877915,8886976.35,120000,550000,32344141.05,13261100.76,0,0,107796734.6,57519703.84,3731011.3,10103718.92,10166591.38,19817.32,1833418.91,0,8030378.8,5498647.6,9822496.55,1070950,29611,2012
41,200100410000000000, MAGUARICHI ,17690771.75,7552400,2062200,1340648.94,1525220,614908,420000,0,3315087,860307.81,0,0,17481615.72,7032251.22,2812390.66,1324848.29,1333171.69,0,52651.76,0,2516023.95,887962.89,1522315.26,0,1921,2012
42,200100420000000000, MANUEL BENAVIDES ,19414027.59,8220081.94,1314700,2398650,2444000,1431433.65,1334382,358435,1195347,716998,0,0,17696171.6,6660748.92,1182332.59,1808571.83,2851642.39,0,2373680.41,0,441518.5,738996.73,1638680.23,0,1601,2012
43,200100430000000000, MATACHI,17852123,6247458,1482000,2262000,2610866,107500,940200,1015000,1796992,1390107,0,0,20295931.99,5840097.2,1660074.54,2630649.43,3391697.79,0,840950.05,0,1553269.33,1398902.85,2980290.8,0,3104,2012
44,200100440000000000, MATAMOROS ,20136787.31,7337055.24,1603000,3432700,1824604.76,356800,1683700.36,0,1884078,2014848.95,0,0,21903195.93,7645677.21,1435943.81,3272362.68,1716125.34,0,2269765.16,0,1209242.44,1955984.3,2398094.99,0,4499,2012
45,200100450000000000, MEOQUI ,98909715.82,35110606.45,6023131.1,10420806,5020250,400000,11543751.95,3000000,7760836,19630334.32,0,0,107032108.8,42797680.46,7147896.61,16980463.53,4940594.55,6500,2039280.81,854678.04,9518731.3,14951051.21,6269096.74,1526135.55,43833,2012
46,200100460000000000, MORELOS ,41485139.5,8194300,1344560.33,2371000,3048633.02,260000,1294892.89,0,21235393,3736360.26,0,0,39660761.17,8129620.04,1230676.46,2718340.74,3471085.96,0,210487.7,0,20837518.13,3063016.06,16.08,0,8343,2012
47,200100470000000000, MORIS ,25183560.39,6779741,2590394.62,2429288.17,1205000,372000,1552088.27,0,7876202.42,2378845.91,0,0,23637314.94,6573775.3,2283171.05,3182841.01,1886067.59,0,845527.69,0,3912275.91,2191614.95,2727041.44,35000,5312,2012
48,200100480000000000, NAMIQUIPA ,68557298.17,20376816.86,4325238.14,8579200,3863000,2002000,7799772.57,3548500,7816106,10246664.6,0,0,71507824.18,26645860.4,5286913.84,13078453.98,3444987.86,0,1842179.37,93571.8,4128737.84,9798234.66,7188884.43,0,22880,2012
49,200100490000000000, NONOAVA ,18958063.98,6514190.84,1067200,2213765.08,2435320,90000,1105705.17,1032069.1,3223907,1275906.79,0,0,27724312.3,5604434.36,1091390.72,2416101.26,2828572.7,0,1717705.57,0,3660676.68,621228.62,9678215.59,105986.8,2849,2012
50,200100500000000000, NUEVO CASAS GRANDES ,144263382.4,65553174.82,8712427,18706166.4,4095000,1530600,6205092.48,3244453.13,9642765,26573703.55,0,0,150657820.05,66567304.92,7828499.77,19036656.13,4302918.61,,9168549.27,,7629316.11,24264377.3,11860197.94,,59337,2012
51,200100510000000000, OCAMPO ,42020856.28,9098350.8,3582000,3360000,3144000,96240.04,5640211.44,0,13720626,3379428,0,0,29404291.39,6877581.13,1955426.62,3188057.73,3601819.02,0,2575428.61,0,7762298.61,3055525.51,388154.16,0,7546,2012
52,200100520000000000, OJINAGA ,77905541.5,31158727.22,5594120,9588733,5389000,1986000,5215457.74,0,7193422,11780081.54,0,0,82670539.77,37433213.91,4698377.51,6089726.45,5444619.34,0,8478650.5,524800.61,4185557.72,10424348.22,4045358.37,1345887.14,26304,2012
53,200100530000000000, PRAXEDIS G. GUERRERO ,21731440.05,7929595.36,2199500,3849000,1220679.86,457600,1472925.9,396766.86,2056170,2149202.07,0,0,17755951.03,7670213.02,2127808.68,2174846.88,1168319.15,1798,376824.58,0,1218964.14,1127164.94,1890011.64,0,4799,2012
54,200100540000000000, RIVA PALACIO ,36769015.35,9436206,3511000,5467265.47,4626000,382000,4000000,0,5758420,3588123.88,0,0,52231265.55,10363725.99,6396696.15,7744346.05,3756311.6,0,6394359.51,0,1525868.48,2796261.91,13253695.86,0,8012,2012
55,200100550000000000, ROSALES ,40862962.26,13091379.36,3761147.23,4902347.18,2712316.06,608267.63,3361023.74,2078000,2831424.01,7517057.05,0,0,41360267.88,17737468.42,4821517.29,4344112.76,2731803.85,1000,587352.36,25235.84,3928003.47,107305.8,7076468.09,0,16785,2012
56,200100560000000000, ROSARIO ,18993038.34,5957139.38,2423500,2416113.01,2723456,155000,1133298.97,66403.24,3117197,1000930.74,0,0,19651519.32,5731110.14,2176657.91,3136435.52,2694287.5,0,1193906.48,0,1145400.05,914178,2659543.72,0,2235,2012
57,200100570000000000, SAN FRANCISCO DE BORJA,17586622.19,7834433.1,1441000,3126315.97,1325512,622000,846148.97,0,1365650,1025562.15,0,0,17967571.62,7390481.43,2005480.32,3161318.77,1581264.2,0,549971.66,0,1322380.23,142712.93,1749921.73,64040.35,2290,2012
58,200100580000000000, SAN FRANCISCO DE CONCHOS ,18787291.25,8265633.74,1267070.69,2157900,2931580,360000,847048.97,450000,1172140,1335917.85,0,0,19351801.2,7526271.52,2001571.5,2739750.72,3531550.43,0,614273.18,0,479655.43,972332.59,1486395.83,0,2983,2012
59,200100590000000000, SAN FRANCISCO DEL ORO ,33588730.13,18331062,1872300.08,3285616.79,2934558,72000,1800000,1384424,1780168,2128601.26,0,0,31915556.49,20776170.99,1689191.47,2776953.95,2226712.36,0,2035562.69,0,771.4,1858297.03,551432.6,464,4753,2012
60,200100600000000000, SANTA BARBARA ,56805409.99,28788250,2788433.5,5485686,2996645,190000,7288043.81,3093746.25,2604397,3570208.43,0,0,52763977.49,30858840.66,2924378.86,5783439.12,3219112.14,0,3625381.61,0,1946321,3522560.1,0,883944,10427,2012
61,200100610000000000, SANTA ISABEL ,21702763.6,8467769.25,1218000,3332957.4,1217696,110000,1071282.78,2263881.4,2258016,1763160.77,0,0,20873189.21,7142983.12,1029296.83,3871693.04,1707898.87,0,2406901.1,0,751267.48,1468460.33,1760070.39,734618.05,3937,2012
62,200100620000000000, SATEVO,25953999.75,7885075.95,4536946.49,4242100,1460000,670000,2333952.56,500000,2685921,1640003.75,0,0,23881017.42,8600396.14,5247009.68,2843318.78,1485369.71,0,1642082.09,0,1339601.84,1872801.02,440098.35,410339.81,3662,2012
63,200100630000000000, SAUCILLO ,81080152,29238849,4339100,4798703,6547292,1914000,8841522,5363084,5561055,14476547,0,0,89761493.94,31924192.53,8467526.37,11607105.4,10451652.26,0,19796,0,9328937.85,12034772,0,5927511.53,32325,2012
64,200100640000000000, TEMOSACHIC ,33232033,7455592,2843000,3358000,3616200,300000,1566943,410907,10899834,2781557,0,0,34027284.03,7741742.56,3507634.75,2794324.07,3597405.03,0,3077144.45,0,6921810.48,2475316.66,3911906.03,0,6211,2012
65,200100650000000000, URIQUE ,73546789.85,12608625.52,2323521.36,4460350,4571800,430000,3311307.78,0,36711442.86,9129742.33,0,0,79816855.35,12384996.73,3010039.34,5069199.45,4674308.89,0,3183740.4,0,43074502.79,8222817.75,0,197250,20386,2012
66,200100660000000000, URUACHI ,39327766.11,9649339.11,1724637.05,1202480,2400000,905800,1581109.44,500000,17693082,3671318.51,0,0,42178273.27,10455840,2467842.5,3650501.79,2603997.9,0,0,0,20631875.3,2337946.79,30268.99,0,8200,2012
67,200100670000000000, VALLE DE ZARAGOZA ,26250588.63,7215638.74,2709258.23,4225000,1770000,857000,2530791.41,1538000,3118658,2286242.25,0,0,25342795.69,7546831.97,2878976.49,3578864.48,2432527.08,0,914279.94,0,2166357,2234372.84,3590585.89,0,5105,2012
1,200100010000000000, AHUMADA ,42720808.88,19460650,3524004.32,5276000,4320000,0,2076211.36,0,2689914.91,5374028.29,0,0,51699961.5,21661754.68,3961441.92,7663871.25,5023138.99,0,4446334.01,0,3187021.86,5721659.79,34739,0,11457,2013
2,200100020000000000, ALDAMA ,59034491.53,22926085.07,3412500,7597000,3735300,400000,7400945.52,0,3101669.49,10460991.45,0,0,63008944.76,21917581.12,4098835.58,9960323.86,5796111.28,0,4660344.38,10327.56,2622967.17,9970157.54,3006637.51,965658.76,22302,2013
3,200100030000000000, ALLENDE ,34679494.06,12780550,4261700,4341265.51,2426500,710000,2181912.88,2000000,2033234.35,3944331.32,0,0,34473779.19,12875818.67,4202231.33,4655762.88,2243794.35,0,3597893.69,0,2148727.04,3907635.39,677602.6,164313.24,8409,2013
4,200100040000000000, AQUILES SERDAN,42372777.32,18239020.61,4098361.05,9702143.54,3036005.12,0,1210000,0,1073926.37,5013320.63,0,0,42007885.72,20084331.24,4014559.36,8979759.74,3294031.73,0,822651.79,0,1577226.74,2935489.12,299836,0,10688,2013
5,200100050000000000, ASCENSION ,49728090.03,13218453.51,2153612,6278948.32,6805000,0,3041074.48,0,6985271.74,11245729.98,0,0,55134010.33,15752604.6,3525155.43,7822726.84,7853791.61,0,1555546.01,20000,7885430.33,10697632.34,21123.17,0,23975,2013
6,200100060000000000, BACHINIVA ,24377057.87,4643366.66,2932554.44,4305000,4985688.05,465000,1879952.46,700000,1645972.37,2819523.89,0,0,20372726.16,4701932.82,2483924.12,4276200.69,4055328.35,0,3260364.07,0,1837786.64,2397941.85,-2640752.38,0,6011,2013
7,200100070000000000, BALLEZA ,68273578.54,13113897.16,3480058.49,3466151.22,4668067.43,0,3933492.07,500000,30822671.7,8289240.47,0,0,68387064.73,13563593.68,3221065.27,3930506.35,4917712.92,0,1765782.23,0,32833695.98,7691205.3,463503,0,17672,2013
8,200100080000000000, BATOPILAS ,64137467.69,8325349.32,4107145.16,3871000,2068500,150000,1991749.6,0,36887074.02,6736649.59,0,0,73973797.97,8562702.35,5200048.59,4869458.12,2239755.85,0,368473.83,4334.26,37707069.09,6548511.46,8473444.42,0,14362,2013
9,200100090000000000, BOCOYNA ,90189139.47,21915804.41,3863129.28,4329831,7609796.58,0,4167420.08,116000,34694158.39,13492999.73,0,0,93373583.05,22843231.34,3038034.24,5756223.5,7824310.49,0,2788265.98,0,36240503.53,14765128.16,117885.81,0,28766,2013
10,200100100000000000, BUENAVENTURA ,57221663.41,19745600,3473268.76,6037000,6093000,772000,3518271.6,881728.4,6254154.59,10446640.06,0,0,59504658.16,19799056.81,3774674.05,9715847.91,8028274.11,0,1323392.09,18584.76,5007614.23,10315217.18,1432178.21,89818.81,22378,2013
11,200100110000000000, CAMARGO ,154724914.8,74552547.37,8343000,21099500,12435000,460000,0,4542697,7426400,22865770.38,3000000,0,159170637.7,75563485.27,7503652.74,23474203.21,10677449.98,0,2421850.29,0,8379974,24730885.46,5297531.97,1121604.74,48748,2013
12,200100120000000000, CARICHI,43042124.87,9729856.01,4785513.82,3106220.29,2306664.24,422656.09,0,0,18565825.68,4125388.74,0,0,43500191.33,10571347.22,4182684.72,2321153.92,2232985.64,0,879120.07,0,19726297.14,3883441.46,-296838.84,0,8795,2013
13,200100130000000000, CASAS GRANDES ,33247523.05,13215355.09,3180500,4777000,1835665,0,1908774.96,0,3364280,4965948,0,0,30138869.19,10714456.65,4749280.23,3499972.24,1988252.52,0,12092.5,0,2777011.08,4369697.11,2028106.86,0,10587,2013
14,200100180000000000, CHIHUAHUA,1921823999,743777000,104701065,281984440,309774494,18420000,381467000,81700000,0,0,0,0,2429622444,821710756,128657000.3,320948723.6,430853713.1,41772180.22,340808741.8,217986772.7,0,0,126884556,0,819543,2013
15,200100190000000000, CHINIPAS ,43525575.46,7027045,2087600,6591168.41,2537716,250000,4050000,0,17022704.79,3959341.26,0,0,42068048.74,6633955.12,1605375.49,4754521.27,2938861.33,0,5236053.89,0,16890415.78,3763783.36,245082.5,0,8441,2013
16,200100140000000000, CORONADO ,16303594.98,7171119,2162000,3178000,1020000,15000,509377,500000,676764.37,1071334.61,0,0,17224535.54,6545283.66,4154374.48,2007824.11,1812228.76,0,786879.61,0,729602.04,1115597.88,72745,0,2284,2013
17,200100150000000000, COYAME DEL SOTOL ,18292646.78,9312365.83,2285063.9,1620000,1498648,80000,1053069.12,1025000,630008.91,788491.02,0,0,17746949,9106191.26,2785982.91,2263306.9,1435685.76,0,96952.05,0,906717.48,621708.57,530404.07,0,1681,2013
18,200100160000000000, CUAUHTEMOC ,412666868.1,144698524.3,56256822.6,32782299.37,46377024.12,8887471,87003548.63,36661178,0,0,0,0,472796261,132602074,34129122.31,63194527.54,44553822.6,0,98078952.19,0,0,0,100237762.4,0,154639,2013
19,200100170000000000, CUSIHUIRIACHI ,26151205,7543201,2432536,3916792,3542655.5,45000,4043902.33,0,2087623.61,2539494.56,0,0,26955741.58,8341759.81,2547946.87,4049489.5,4411917.96,0,1750501.48,0,1870447.11,1998767.47,1984911.38,0,5414,2013
20,200100200000000000, DELICIAS ,352626127.1,147089272.8,20483198.57,61642654.56,42247499.49,1462890.54,42778845,36821766.16,0,0,100000,0,375240840.6,161728680.8,21633537.49,74520461.62,60452091.55,0,54182735.58,2723333.61,0,0,0,0,137935,2013
21,200100210000000000, DR. BELISARIO DOMINGUEZ ,19556339.69,6023466.67,2537000,2927000,2887000,95000,2841708.54,0,879728.82,1365435.66,0,0,21174322.27,7094809.54,2815371.03,3419139.6,3000387.41,0,2343262.02,0,1347078.84,1154273.83,0,0,2911,2013
22,200100220000000000, EL TULE ,15991297.73,5679969.23,848480,1091674.76,3197370,0,2619428.04,733210.89,944490.39,876674.42,0,0,16346811.19,5977333.49,1479948.87,1561188.25,3457215.89,0,1656392.47,0,664382.99,860097.23,690252,0,1869,2013
23,200100230000000000, GALEANA ,22779556.54,6960331.09,2309500,5128000,3391000,0,750000,0,1477019.89,2763705.56,0,0,23635656.16,7501939.98,2502889.97,4593407.27,2197298.42,0,685726.69,0,1669511.02,3010522.84,1474359.97,0,5892,2013
24,200100240000000000, GOMEZ FARIAS ,25762897.43,6260660,1193000,4137000,6178000,230000,1503975.59,0,0,0,6260261.84,0,32973790.8,5659320.14,1694857.25,4984204.81,5832190.82,0,4565894.59,0,2936483.6,3921909.06,3110977.67,267952.86,8624,2013
25,200100250000000000, GRAN MORELOS ,18151507.2,6221984.04,2076047.36,3990692,2900484,24000,0,395853,1037231.05,1505215.75,0,0,20735250.17,6281497.46,2362002.38,3994322.01,3560665.94,0,339029.19,0,1434514.11,1186482.16,1576736.92,0,3209,2013
26,200100280000000000, GUACHOCHI ,172171752.5,27302150,6340000,6882053.61,5840000,0,150000,418733.52,101931658.9,23307156.49,0,0,179708185.3,28102634.78,3468230.77,6280056.81,6969351.82,0,3432721.81,0,103904080.1,24756742.64,2738741.59,55624.9,49689,2013
27,200100260000000000, GUADALUPE ,31176123.27,11654614.67,3210882.9,4345000,3585000,320000,2826373.7,0,2205058,3029194,0,0,30994416.84,13002950.36,3318368.96,2584059.93,3739225.65,0,1888094.52,6981,2317489.48,4137246.94,0,0,6458,2013
28,200100270000000000, GUADALUPE Y CALVO ,173915965.5,22165766,2416738,8003587.6,11952796.3,1300000,5090066.56,700000,97192733.28,25094277.71,0,0,188524810.8,23330357.01,3203883.46,9586873.49,15398466.37,0,1352605.59,0,110939799.3,24712825.57,0,0,53499,2013
29,200100290000000000, GUAZAPARES ,38558922.91,10799616.29,1445000,2800500,2430000,600000,0,0,16041386.88,4442419.74,0,0,43295507.52,14511608.42,1521147.86,3700907.27,3383015.53,0,535672.91,0,18917734.59,2991870.45,-2266449.51,0,8998,2013
30,200100300000000000, GUERRERO ,111889848,35014345,774000,12070000,11475465,825000,6128172,4983162,22032705,18586999,0,0,110478002.4,32973444.14,2092476.17,12717144.23,19410676.14,0,3458389.86,0,21071197.33,18754674.48,0,0,39626,2013
31,200100310000000000, HIDALGO DEL PARRAL ,294788161.9,152295260.6,14695000,48078358.11,10419000,1825000,3690000,0,13300439.92,50218103.24,267000,0,298826664.1,152170766.7,11858663.08,51489823.21,11550317.6,0,4013523.64,214114.82,14084786.01,53444669.12,0,0,107061,2013
32,200100320000000000, HUEJOTITAN ,16354515.95,7983200,1287000,1182500,2285000,130000,2438501.66,0,556269.63,492044.66,0,0,16673836.34,8115327.2,2399803.7,970884.69,2711265.67,0,1433242.78,0,520247.14,523065.16,0,0,1049,2013
33,200100330000000000, IGNACIO ZARAGOZA ,25585765.45,9143851.06,1928537.6,2416500,1512000,0,5000296.2,0,2332113.78,3252466.81,0,0,27976668.53,10786035.25,2874605.9,4707372.86,2679280.13,0,384901.82,-866.91,1364937.73,3689275.37,1484574.48,6551.9,6934,2013
34,200100340000000000, JANOS ,29274501.46,7779695.27,2453360,4722113,2116840,515200,2605595.16,0,3944076.32,5137621.71,0,0,34246946.44,8483841.85,4195930.2,6848896.14,2135514.43,161264,314229.85,0,4496552.39,5374784.96,2153884.29,82048.33,10953,2013
35,200100350000000000, JIMENEZ ,107457225,47670166.57,6504623.04,12113050,3265824,0,9407413.13,2161901.34,6978457.63,19355789.26,0,0,106938110.1,50335935.92,10472313.5,15390345.92,4185950.66,0,9176734.03,0,4968282.81,12015555.84,0,392991.42,41265,2013
36,200100360000000000,JUAREZ,2945157130,1109877915,126617068.7,654532703.8,528892489.1,17691743,427801317,57750000,0,0,21993893.24,0,3161360764,1380215300,124681518,1097325409,488571921,16494830,0,54071786,0,0,0,0,1332131,2013
37,200100370000000000, JULIMES ,21974867.05,7831886.15,1826500,3210002.42,3531000,0,1881071.18,0,1371149.72,2323257.58,0,0,23405693.5,7973337.3,1986389.01,2554333.74,3762540.17,0,195439.43,2804,1531111.45,2342878.19,2985539.89,71320.32,4953,2013
38,200100380000000000, LA CRUZ ,19061769.51,6304733,2443019.52,4000800,2684000,50000,1004618.4,220870,485928.87,1867799.72,0,0,27159035.02,6803421.11,2900678.95,4261389.18,2122381.38,0,2308396.77,0,394801.83,1420043.31,6947922.49,0,3982,2013
39,200100390000000000, LOPEZ ,21890879.76,7475600.85,2685100,2130550.28,1669171.76,236000,1105080.24,3700000,1001407.36,1887969.27,0,0,25944282.64,7659089.51,4093496.91,2957816.35,2011738.91,0,2880478.1,0,605374.7,1993173.07,3722785.09,20330,4025,2013
40,200100400000000000, MADERA ,105648551.6,50456463.68,5946000,9214500,9814939.11,100000,0,650000,15577292.82,13889356.01,0,0,127938628.9,65709523.86,3396002.67,12984621.95,10696325.33,0,3304246.34,0,19029837.48,7436067.53,5382003.73,0,29611,2013
41,200100410000000000, MAGUARICHI ,17499172.79,7394488,3275300,1316171.15,1601520,188000,420000,0,2402628.06,901065.58,0,0,18412976.39,7414138.56,2492697.43,1536493.4,1491338.49,0,636870.88,0,2003391.18,866154.79,1971891.66,0,1921,2013
42,200100420000000000, MANUEL BENAVIDES ,20081863.05,8011433,1439700,2643520.96,2793000,626660.59,2166971.2,991013,658598.14,750966.16,0,0,21772917.93,7286103.38,1519605.54,2044401.73,3283910.93,0,3930974.54,171744.31,772648.46,790075.57,1973453.47,0,1601,2013
43,200100430000000000, MATACHI,17690564.82,6650756.48,1509500,2477000,2828285.79,65000,1004618.4,650354.66,1049085.12,1455964.37,0,0,19172684.89,6257475.45,2741747.98,2962681.62,3055617.43,0,222495.7,0,1137816.7,1429568.65,1365281.36,0,3104,2013
44,200100440000000000, MATAMOROS ,20568173,8268607.46,1211888.22,3256426.6,2174600,222185.82,1393429.36,0,1930731.51,2110304.03,0,0,22266523.21,8234844.09,1808647.69,3914940.11,2223830.57,0,1630834.9,0,969402,2105570.79,1378453.06,0,4499,2013
45,200100450000000000, MEOQUI ,93491148.45,37122447.45,2276000,2668685.42,9729414.58,0,0,13901451.31,7232812.59,20560337.1,0,0,95155055.16,42553457.81,5116879.44,11554613.34,6719689.73,17919.79,211501.52,222031.5,6410846.45,16700964.32,5365379.11,281772.15,43833,2013
46,200100460000000000, MORELOS ,38980391.62,8225700,1396000,2556000,3436000,155767,1372978.48,0,17924572.83,3913373.31,0,0,40270495.9,8260182.44,1681226.51,2599242.77,4330548.84,0,108801.54,0,14282294.09,2999512.23,6008687.48,0,8343,2013
47,200100470000000000, MORIS ,24277719.5,7149194.25,2513801.28,2462288.17,1645000,385000,1519228.32,0,6111557.11,2491650.37,0,0,30775572.46,6763476.42,2628914.57,3984831.21,2448247.17,0,973790.77,0,8188173.98,2463582.2,3324556.14,0,5312,2013
48,200100480000000000, NAMIQUIPA ,66285908.63,27567652.58,4325238.14,8959778.35,3863000,852000,4587757.36,286742.18,5111631.5,10732108.52,0,0,71110392.3,26653395.64,8274552.4,14460464.07,1753673.88,0,231500.02,84290.06,5193766.68,9448862.43,5009887.12,0,22880,2013
49,200100490000000000, NONOAVA ,19592974.27,6528112.01,1470200,2583440.64,2956360,180000,1181350.64,221581.46,3135575.62,1336353.9,0,0,22279170.32,5802297.53,1747288.7,3346920.26,3149620.67,0,1178009.57,0,3914816.45,82573.15,3057643.99,0,2849,2013
50,200100500000000000, NUEVO CASAS GRANDES ,135505675.7,65827627.52,8231588.52,16858028.93,4231437,2038678.15,3056000,0,7504061.59,27758254,0,0,141279793.1,68404746.79,8647452.25,19384222.68,4286558.83,0,4455716.2,0,9162394.39,26760027.18,0,178674.8,59337,2013
51,200100510000000000, OCAMPO ,39116548.12,8330791.94,2147000,3204000,2855000,190000,9471214.98,0,9379009.25,3539531.95,0,0,43177329.74,8804376.76,2857992.76,3945145.19,3783094.1,0,12636804.61,0,8028741.3,2622580.02,498595,0,7546,2013
52,200100520000000000, OJINAGA ,77741100.72,32333750.39,5224977,10405384.01,6051436,273000,6992041.29,0,4122339.71,12338172.32,0,0,74972683.47,34796915.06,3752278.53,7251168.04,4985971.27,0,7477762.43,30656.69,3941023.62,10700936.79,714761.04,1321210,26304,2013
53,200100530000000000, PRAXEDIS G. GUERRERO ,21989084.21,8199955.76,2335970,3816927.16,1430765.14,31500,1573902.12,241981,2107060.79,2251022.24,0,0,23539115.82,8001255.62,2466269.38,3604053.69,1407098.16,0,2620202.37,0,2077421.43,4420694.03,-1500000,442121.14,4799,2013
54,200100540000000000, RIVA PALACIO ,34291878.44,11544304,4623500,6840500,4628000,748000,1137593.38,0,1011866.83,3758114.23,0,0,31122465.04,11213001.27,3757197.06,6503061.42,4170060.86,0,1313602.64,0,607534.96,3558006.83,0,0,8012,2013
55,200100550000000000, ROSALES ,41366736.26,13334748.33,4143873.12,5289323.7,2583211.38,133500,1464997.59,3242365.92,3301532.58,7873183.64,0,0,40780329.44,17790192.83,5420699.46,4685511.81,3000714.33,0,752886.04,8004.86,4309095.3,669600.78,4143624.03,0,16785,2013
56,200100560000000000, ROSARIO ,17850193.31,5962354,2293500,2442356.79,3241856,50000,904156.56,720382,1187237.32,1048350.64,0,0,20456212.14,5744134.04,1492839.42,2673716.77,4071156.82,0,1630849.48,0,1226511.64,976670.96,2640333.01,0,2235,2013
57,200100570000000000, SAN FRANCISCO DE BORJA,17751415.2,8147563.81,1476000,2969554.04,1807112,245000,904156.56,1127879.82,1074148.97,0,0,0,17871204.46,7627197.59,2160531.42,2929125.51,2241723.59,4298.9,1189381.93,0,1128188.85,209148.37,368639.28,12969.02,2290,2013
58,200100580000000000, SAN FRANCISCO DE CONCHOS ,19078578.75,8086938.8,1267070.69,2142900,3234580.21,38000,904156.56,1545508.46,460216,1399208.03,0,0,20193450.16,7560004.65,1679423.48,2790506.94,3050182.93,0,665263.78,4783.56,497391.54,950633.97,2995259.31,0,2983,2013
59,200100590000000000, SAN FRANCISCO DEL ORO ,34120996.18,18800830,1917300.08,3303114.84,2934558,72000,1800000,1384424,1780168,2128601.26,0,0,34617180.48,24995459.63,1599388.93,3577799.15,2974446.49,0,1459208.54,0,3162.16,4728.58,1392,1595,4753,2013
60,200100600000000000, SANTA BARBARA ,56744070.7,30235603.41,3235115.26,5662700,3417000,50000,5134221.87,3106135.6,1789179.98,4114114.58,0,0,58375512.87,34363877.43,3222397.51,6790137.14,3300599.85,0,4423001.94,0,2047630.44,4196734.16,0,31134.4,10427,2013
61,200100610000000000, SANTA ISABEL ,20347069.74,8429430.88,1174000,3950120.95,1500056,85000,1172054.8,1539048.81,650666.37,1846691.93,0,0,20120387.93,8480095.69,1045640.68,3522484.72,1663144.27,0,2117992.07,0,719545.45,2414788.05,141751,14946,3937,2013
62,200100620000000000, SATEVO,23902000.71,9009320.98,4412000,3821667.35,1770000,210000,1969495.34,0,992516.8,1717000.24,0,0,25421636.99,9047768.69,5367279.99,3116487.72,1539441.03,0,547603.39,12500,1045516.27,2093392.7,2602296.8,49350.4,3662,2013
63,200100630000000000, SAUCILLO ,80002869.11,30663419.3,3826854.75,4378179.95,7891181.06,6000,4889142.88,8930807.31,4658911.16,14758372.7,0,0,78940906.07,34078888.57,7406000.5,10602011.06,9852077.81,0,469580.53,0,3365957.73,11256396.81,1331384.09,578608.97,32325,2013
64,200100640000000000, TEMOSACHIC ,28857274.47,8439263.47,2644000,3223000,3729975,210000,1674364,300000,5723336,2913336,0,0,31226068.05,8066240.33,3795053.12,2993779.37,3733393.72,0,2796998.58,0,5298811.77,2337702.49,2204088.67,0,6211,2013
65,200100650000000000, URIQUE ,76018774.52,13141861.48,2265021.36,4720524.79,4890408,480000,3584638.08,0,37374049.64,9562271.17,0,0,75312888.35,11711874.16,3244911.31,7372538.52,6117921.14,0,2270970.79,0,32468306.52,10390191.99,1736173.92,0,20386,2013
66,200100660000000000, URUACHI ,39030291.54,10584903.25,2584525.21,1857000,2439000,0,0,1868977.68,15849587.76,3846297.64,0,0,44029051.97,10275383.47,2031290.21,3321628.59,4037793.67,0,1213310.95,0,18832053.11,2318591.07,1999000.9,0,8200,2013
67,200100670000000000, VALLE DE ZARAGOZA ,24814003.41,7612062.92,3683499.57,4447100,2268000,0,2077407.76,818563.37,1512814.98,2394554.81,0,0,25848370.49,7984301.01,4293568.53,5045894.41,3224156.11,0,1670405.99,0,1447268.94,2179902.18,2873.32,0,5105,2013
1,200100010000000000, AHUMADA ,47244280.71,20309081.71,3084000,6046000,4564000,1400000,2782355.4,0,3038517.54,6020326.06,0,0,57253783.95,17223747.88,4951315.61,12015295.73,5738567.84,0,3828567.73,0,6179658.49,7316630.67,0,0,11457,2014
2,200100020000000000, ALDAMA ,61849968.26,23806806.76,3799000,8749000,4860000,618087.1,4724766.1,0,3573244.7,11719063.6,0,0,64812810.03,21345623.14,4625757.87,10839047.33,5713062.01,0,3574773.75,30919.59,2827885.23,10684635.24,5171105.87,0,22302,2014
3,200100030000000000, ALLENDE ,38113107.16,12840800,4292200,5237765.51,3481563.47,660000,2850711.7,2000000,2331377.31,4418689.17,0,0,42037212.98,14857093,4305044.39,6594990.74,4232318.22,0,5141948.06,0,2307160.5,4584424.99,348,13885.08,8409,2014
4,200100040000000000, AQUILES SERDÁN ,44817573.79,19150971.67,3483871.81,6249879.04,4721171.71,0,4325000,0,1270441.03,5616238.53,0,0,39231832.41,21636884.1,2448639,6773727.4,3129566.96,0,1507894.06,0,136440.19,3298945.7,299735,0,10688,2014
5,200100050000000000, ASCENSIÓN ,56370707.02,14961624.71,2356100,7640500,9046387.25,226500,1609000,0,7932417.77,12598177.29,0,0,62542937.64,18464369.17,4276285.99,7886197.26,9263052.94,0,1035041.01,217768.97,8590152.44,12809605.86,464,0,23975,2014
6,200100060000000000, BACHINIVA ,27060116.03,8599682.4,1553000,3874000,5327504,0,2487204.9,0,2060116.03,3158608.7,0,0,32079908.23,9806563.44,2507783.2,6212084.7,4418405.89,0,1250403.61,0,487425.89,2909067.73,4488173.77,0,6011,2014
7,200100070000000000, BALLEZA ,74095050.17,16321166.67,2669000,2233200,5068706.82,380000,3275999.1,0,34860846.65,9286130.93,0,0,75157032.3,19065203.95,3319410.75,4420213.46,2509235.05,0,2217664.99,0,35353700.31,8271603.79,0,0,17672,2014
8,200100080000000000, BATOPILAS ,71825421.43,9627925.64,4570677.32,3896000,1651500,120000,2635835,0,41776662.94,7546820.53,0,0,70736910.01,7765165.56,3434923.29,7294108.54,2350276.83,0,1152515.17,14331.34,39696846.91,6275356.63,2753385.74,0,14362,2014
9,200100090000000000, BOCOYNA ,98798114.54,22534378.45,4205000,3958069.81,9039940.5,0,4756930.2,0,39188084.72,15115710.86,0,0,118627834.4,24708804.35,5153031.68,8393490.78,9826272.69,0,2569193.8,0,52995814.82,14981226.3,0,0,28766,2014
10,200100100000000000, BUENAVENTURA ,63174098.28,23282764,3855500,8359199.45,5514290,1017000,1650000,649085,7087260.4,11758999.43,0,0,59020232.97,21757126.18,5246391.11,8678360.78,6063318.89,0,831543.94,0,5291831.49,11151420.58,240,0,22378,2014
11,200100110000000000, CAMARGO ,0,0,0,0,0,0,0,0,0,0,0,0,0,0,0,0,0,0,0,0,0,0,0,0,48748,2014
12,200100120000000000, CARICHI,47075655.36,11392666.67,4495886.14,2909099.07,2199631.45,407656.09,0,0,21049194.8,4621521.14,0,0,35159602.58,9343023.71,3771049.75,2898020.58,1577255.67,0,914917.71,0,13271971.43,3383363.73,0,0,8795,2014
13,200100130000000000, CASAS GRANDES ,36637886.52,12299572.34,1931122,9519003.12,1130000,954945.65,0,1000000,3846280.99,5956962.42,0,0,35367629.34,12476420.04,2077964.35,5198734.03,1981900.36,0,4896642.13,0,4503625.57,4007370.16,224972.7,0,10587,2014
14,200100180000000000, CHIHUAHUA ,2327938005,789833811.5,132213705,303035949,348111172,41366568,581614299.7,131762500,0,0,0,0,2500291205,869596931.1,165795395.1,331624042.9,402262143.7,64892891.03,491107275.5,92778078.09,0,0,82234447.28,0,819543,2014
15,200100190000000000, CHINIPAS ,49373605,8941201.33,2257000,7263775.88,3200000,1749804,2234822.4,0,19291497.14,4435504.25,0,0,43336977.79,9807156.3,2185341.54,4921035.55,3151028.65,0,1308018.71,0,18497727.82,3466669.22,0,0,8441,2014
16,200100140000000000, CORONADO ,17914803.98,8238209.1,2648795,1458281.27,1231000,400000,1446794.2,500000,791547.69,1200176.72,0,0,17551978.36,7392393.23,3294243.96,1966671.05,276604.95,0,2565155.81,0,762104.8,1294804.56,0,0,2284,2014
17,200100150000000000, COYAME DEL SOTOL ,20151425.69,10762501.77,2212969.24,1805400,2025829.11,80000,1624862.8,0,756545.28,883317.49,0,0,25845580.01,11786143.89,2885543.18,2882314.22,2605525.56,0,107963.5,0,458592.59,441871.37,4677625.7,0,1681,2014
18,200100160000000000, CUAUHTEMOC ,570411335.2,162737637.7,40062980.64,67279024.3,55475571.75,44177544,162645204.8,38033372,0,0,0,0,415670624.22,136666572.38,39016236.75,66011164.17,47945002.81,,80136016.79,,7222414.69,38673216.63,,0,154639,2014
19,200100170000000000, CUSIHUIRIACHI ,28428123.81,7471937.91,3979144.8,3587720,4023600,300000,3694911.54,0,2525907.29,2844902.27,0,0,27650489.43,7664593.19,2416597.24,5475621.63,4484797.8,0,1828367.24,0,2935625.02,2844887.31,0,0,5414,2014
20,200100200000000000, DELICIAS ,383616764.8,155381100,24243815.51,71476255.67,54412072.5,6260074.26,43000000,28713446.84,0,0,130000,0,428163060.7,173316057.4,26163263.97,77064142.2,59891761.69,0,90231871.68,1495963.79,0,0,0,0,137935,2014
21,200100210000000000, DR. BELISARIO DOMINGUEZ ,21624768.43,7820165.33,2641453.47,3049000,3549000,60000,1958561.2,0,1016941.13,1529647.3,0,0,23062532.57,8142120.24,3108075.84,3943050.8,3111437.03,0,2468120.12,0,686256.19,1603472.35,0,0,2911,2014
22,200100220000000000, EL TULE ,17501032.35,6115628.62,1095500,1447520,3888453.33,614841.32,2249758.42,0,1107224.58,982106.08,0,0,17314333.31,6300219.56,1146550.29,2247567.53,3734089.34,0,2035526.73,0,1130095.1,720284.76,0,0,1869,2014
23,200100230000000000, GALEANA ,24206129.78,8451946.4,2388000,4983400,2438610.66,0,0,1159462.79,1688632.32,3096077.61,0,0,27098938.24,8730908.28,2007223.51,6584922.22,2973961.67,0,1139152.18,0,2590776.6,3071993.78,0,0,5892,2014
24,200100240000000000, GOMEZ FARIAS ,30573735.35,6956397,2187000,5641000,7702200,0,1023035.8,0,2532437.03,4531665.52,0,0,31646861.96,9289123.93,4908826.86,8669624.34,4801992.04,0,0,0,1623146.19,2354148.6,0,0,8624,2014
25,200100250000000000, GRAN MORELOS ,20041034.57,6300641.28,2382500,3654536,2961000,60000,1615561.2,126119.57,1254438.73,1686237.79,0,0,21290709.33,6168824.51,2872201.36,3820454.69,3191216.79,0,2476520.23,0,1176453.75,1585038,0,0,3209,2014
26,200100280000000000, GUACHOCHI ,191099059.7,31077859.64,3662385.66,6447110,7164000,535000,791000,0,115311555,26110149.38,0,0,233650008.8,30942980.51,4443771.05,7843868.51,6996936.9,0,0,0,159653213.2,23769238.66,0,0,49689,2014
27,200100260000000000, GUADALUPE ,35577744.02,14556478,3386000,4235000,4729000,595000,2161794.34,0,2520977.25,3393494.43,0,0,33709071.1,13547760.57,3058328.25,4844185.1,4866211.42,0,3312768.68,7093,2469456.53,1603267.55,0,0,6458,2014
28,200100270000000000, GUADALUPE Y CALVO ,194925681.1,25290985,3344000,7464552.82,10975000,2300000,6821258.4,0,110617689.4,28112195.49,0,0,190246560.2,27381042.67,4236449.75,11941085.89,12281410.16,0,3526879.87,0,112459824.4,18419867.43,0,0,53499,2014
29,200100290000000000, GUAZAPARES ,43213722.82,13395631.39,1589278.16,2861500,2593184,350000,0,0,17695938.03,4728191.24,0,0,51381424.76,12845390.95,1863150.49,5132779.96,3259237.91,0,0,0,23503560.78,4777304.67,0,0,8998,2014
30,200100300000000000, GUERRERO ,124405721.4,31573000,2110000,12555792.81,17000000,3100000,8212436.1,3430000,25602162.05,20822330.48,0,0,137167289.7,33361237.15,3111895.79,14643243.07,17607747.55,0,10132772.95,0,37139234.51,21171158.72,0,0,39626,2014
31,200100310000000000, HIDALGO DEL PARRAL ,336658173.2,176292759.9,16017716.75,47028314.24,12590209.81,5778986.74,7102147.85,0,15363482,56257496,227059.91,0,389434849.4,164498161.4,17674131.85,44174208.23,14032195.69,0,75023092.09,78309.41,20302525.94,53652224.72,0,0,107061,2014
32,200100320000000000, HUEJOTITAN ,17917337.36,7828400.2,1600100,1553265.92,2372000,768000,2610585.32,0,633766.4,551219.52,0,0,15937125.17,8567040.43,1650502.37,1228784.6,2718665.09,0,1146361.58,0,218440.37,407330.73,0,0,1049,2014
33,200100330000000000, IGNACIO ZARAGOZA ,30453668.34,10229543.63,2544366.24,9349216.69,2052400,0,0,0,2634522.96,3643618.82,0,0,32042737.04,8675041.82,3021033.51,4017648.04,3511668.41,-1250,7801095.91,6306,89708.69,4907520.42,13964.24,0,6934,2014
34,200100340000000000, JANOS ,32951528.6,9271279.65,3926000,4410520.24,2056528.18,90719.88,2931848.6,0,4509143.59,5755488.46,0,0,37041984.67,9495135.74,4587433.16,5957896.44,2793253.72,1574.1,4163062.03,685,4486037.49,5556906.99,0,0,10953,2014
35,200100350000000000, JIMENEZ ,117497128.2,55495205,5962800,9472239.06,3770000,733500,0,6834358.4,3000000,32229025.73,0,0,128894063.9,58335806.85,10638585.84,14444248.17,6793153.5,0,2398911.94,0,14757592.56,21525765.08,0,0,41265,2014
36,200100360000000000, JUAREZ ,3291011262,1257834296,135200469.7,750190581.6,590275184.6,1003880,212786377,320350000,0,0,23370473.04,0,3504123025,1224691852,164121641,831959665,621537425,83466813,505723282,50323273,0,0,22299074,0,1332131,2014
37,200100370000000000, JULIMES ,24276888.8,9776543.78,2708454.42,2708500,2493000,692500,1705314.6,0,1589916.06,2602659.94,0,0,27163834.74,7299774.96,3328485.64,6003849.12,3917996.83,0,1330731.89,4600,2094723.05,3183673.25,0,0,4953,2014
38,200100380000000000, LA CRUZ ,20830924.82,7346782,2289000,5445735.54,2398000,450000,0,0,808980.09,2092427.19,0,0,19723208.62,8157276.48,3571832.97,3999153.94,2088495.77,0,454087.71,0,466028.12,986333.63,0,0,3982,2014
39,200100390000000000, LOPEZ ,23850809.77,9251059.93,3284123.01,2547000,1436013,1595000,1480931.1,1000000,1141660.27,2115022.46,0,0,22154160.74,8566399.11,4297915.39,3917348.45,2502629.87,0,920310.65,0,287591.75,1661965.52,0,0,4025,2014
40,200100400000000000, MADERA ,116451307.6,54677103.55,4765000,10997800,10510067.48,50000,0,2200600.64,17691001.74,15559734.21,0,0,93999442.46,44844796.06,2936928.52,10474990.52,9074177.69,0,2711076.75,150,12265145.25,11692177.67,0,0,29611,2014
41,200100410000000000, MAGUARICHI ,19210699.78,8391780,2444746.31,1621637.61,1517000,194000,1229410.7,0,2802694.56,1009430.6,0,0,20569590.61,8817099.08,3140214.66,1703892.96,1520027.41,0,222498.99,0,3580419.17,1115996.92,469441.42,0,1921,2014
42,200100420000000000, MANUEL BENAVIDES ,22001811.74,10640445.11,1457600,2203700,3328323,586000,1703018.95,476062,765382.94,841279.74,0,0,32413447.06,8889815.16,1856854.33,2688983.92,2979893.19,0,2967267.83,0,756157.51,747268.81,11527206.31,0,1601,2014
43,200100430000000000, MATACHI,19514192.11,6759550.12,2162000,2574000,2910000,232500,1346301,658239.99,1240538,1631063,0,0,19627071.35,6769007.84,2032098.37,3634620.25,3107531.41,0,604999.19,0,1864306.14,1614508.15,0,0,3104,2014
44,200100440000000000, MATAMOROS ,21698617.09,8385919.63,1573000,3760289.35,2255000,151000,1660437.9,330000,1218874.29,2364095.92,0,0,22694471.38,8500171.44,1892611.66,4108095.08,2483737.2,0,1959287.25,0,1298954.29,2451614.46,0,0,4499,2014
45,200100450000000000, MEOQUI ,105681999.8,41819271.6,4684000,10817700.56,12348408.96,1500000,0,3000000,8479629.92,23032988.74,0,0,109027785.7,44054440.7,5875682.49,14960792.3,10530398.81,57010.51,18889.05,67230.31,11187889.74,22229051.82,0,46400,43833,2014
46,200100460000000000, MORELOS ,43818074.75,10499857.53,1210896.25,2265000,1429082.2,650000,2175944.7,700000,20503286.01,4384008.06,0,0,43670183.81,10447479.52,3466220.2,2774221.01,2175472.38,0,929746,0,20392922.66,3484122.04,0,0,8343,2014
47,200100470000000000, MORIS ,27150868.87,8823917.14,2513801.28,2462288.17,1705000,69539.7,1826807.8,0,6958210.6,2791304.18,0,0,32982197.03,7661671.75,2461076.85,5645618.48,1634966.12,0,2640630.15,0,9208682.18,2574551.5,1155000,0,5312,2014
48,200100480000000000, NAMIQUIPA ,72938904,27830271.5,5166636.13,11545862.8,2248275.86,937513.69,6148108,0,7039449.94,12022786.08,0,0,80809680.76,27057767.25,8640574.04,17562451.58,2820690.7,0,36609.32,0,7563970.08,12683469.27,4444148.52,0,22880,2014
49,200100490000000000, NONOAVA ,21772617.88,7202668.1,1727800,2888032.17,3037019.72,35000,1484230.78,240000,3660799.04,1497068.07,0,0,23140695.11,6864651.82,2363764.69,3268250.27,3584876.9,0,1667795.33,0,1705727.45,1400220.94,2285407.71,0,2849,2014
50,200100500000000000, NUEVO CASAS GRANDES ,154486968.6,73901166.05,9096568.77,18339940,4655000,4684573,4100000,0,8529823,31179897.82,0,0,166488346.3,74119318.38,9283302.73,23148004.61,4994657.2,0,12155798.24,0,12628684.21,30158580.91,0,0,59337,2014
51,200100510000000000, OCAMPO ,43332800.88,9972665.33,1318000,6017640.29,2545000,140000,8380000,2748571.98,8245715.95,3965207.33,0,0,41954932.9,8697719.41,2723554.78,3809938.16,3621403.44,0,5430894.19,0,7772830.24,2252060.52,7646532.16,0,7546,2014
52,200100520000000000, OJINAGA ,83883803.68,42408045.52,6266125.97,14147953.69,7422636,1411213.71,3000000,1302293.2,3000000,4925535.59,0,0,89839567.23,46408624.08,3955347.78,5367147.61,6097347.48,0,2495210.53,0,6589817.14,18894707.73,31364.88,0,26304,2014
53,200100530000000000, PRAXEDIS G. GUERRERO ,24403986.85,9132500,2770534.21,3999800,1379500,549000,2109204.9,241981,1699729.4,2521737.34,0,0,21784061.93,8231840.05,2095143.83,3649493.21,1430476.77,0,1691983.37,0,1988656.68,2696468.02,0,0,4799,2014
54,200100540000000000, RIVA PALACIO ,40138493.87,9949270,4780500,7336500,4818000,1148000,5693293.23,1000000,1202853.62,4210077.02,0,0,37964652.25,12329096.71,6574885.94,6516141.49,5345190.34,0,2221292.56,0,1108160.1,3737885.11,132000,0,8012,2014
55,200100550000000000, ROSALES ,45539796.75,13751695.82,4428116.77,5198574.98,2403210.48,536500,1603081.52,4963746.59,3834832.81,8820037.78,0,0,16064640.48,5761974.54,1793679.03,1212380.37,1708733.31,0,1157937.47,8224.85,3632537.48,789173.43,0,0,16785,2014
56,200100560000000000, ROSARIO ,19302301.36,6057733.33,1206600,2060000,3779000,1072000,2488737.99,121886,1341915.42,1174428.62,0,0,19597466.45,6583520.99,1421989.74,3471504.48,4580998,0,1631576.26,0,836100.67,1071776.31,0,0,2235,2014
57,200100570000000000, SAN FRANCISCO DE BORJA,19447006.75,9417340.69,1948139,2450870,1625273.23,0,1512670.9,0,1289383.38,1203329.55,0,0,21206572.55,9406700.52,3485987.1,2968018.15,2426332.11,20460.76,687794.12,0,1478690.32,732589.47,0,0,2290,2014
58,200100580000000000, SAN FRANCISCO DE CONCHOS ,21128249.56,8494000,1771100,2438100,3404620.23,180000,2711000,0,561948.08,1567481.25,0,0,25208208.07,9116089.72,1985456.51,3320077.91,3824989.56,0,316595.29,0,561948.08,1393950.49,4689100.51,0,2983,2014
59,200100590000000000, SAN FRANCISCO DEL ORO ,37797059.28,23265784.85,1327080.59,2958000,2990000,0,703022,2650846,1404760.18,2497565.66,0,0,38829119.8,23426537.29,1433079.39,4247384.08,3574780.42,0,1769976.29,0,2083222.85,2294139.48,0,0,4753,2014
60,200100600000000000, SANTA BARBARA ,63593394.77,31015584.52,3049970,5079993.6,3248651,163050,13202950.18,83000,2271104.98,5479090.49,0,0,71695568.46,40719056.85,4759139.92,10526297.8,3602296.19,0,4555107.68,0,2148631.01,5385039.01,0,0,10427,2014
61,200100610000000000, SANTA ISABEL ,22174490.9,9128074.28,1825500,4885250,1792248,510000,705594.87,500000,759042.77,2068780.98,0,0,24051109.95,8080407.97,3760315.1,5965743,2106834.15,0,1518486.42,0,700357.65,1918965.66,0,0,3937,2014
62,200100620000000000, SATEVO,26100559.04,8742548.63,5572800,3139420,1920000,1464672.85,2173068,0,1163773.22,1924276.34,0,0,28840149.8,9276369.2,6053132.15,3881256.02,1700173.18,0,4280877.05,4500,1275797.23,1833049.23,534995.74,0,3662,2014
63,200100630000000000, SAUCILLO ,88223613.97,33459321.04,4320750.23,8057827,7515211.06,1157200,6585050.76,2670000,5397389.88,19060864,0,0,101843210,31001047.96,5973245.59,18513523.1,9880521.3,0,16034109.7,0,6995684.63,13445077.68,0,0,32325,2014
64,200100640000000000, TEMOSACHIC ,31868910.66,9645197.96,2483830,3487000,2798469.45,1084000,2614835,0,6491875.26,3263702.99,0,0,28918293.75,9857386.5,4721714.87,2822511.57,2254598.86,1159814.82,1057899.41,0,1901945.51,3603472.84,1538949.37,0,6211,2014
65,200100650000000000, URIQUE ,83498775.31,13749785.66,2554484,4186974.24,5622000,200000,3859396.2,350000,42263874.85,10712260.36,0,0,110108852.2,17279464.88,3965385.23,8918631.81,7879060.52,0,3038745.52,0,57575116.57,11452447.62,0,0,20386,2014
66,200100660000000000, URUACHI ,43069301.77,12316944.76,1618500,2185520.37,2491000,70000,1974574,170000,17933897,4308865.64,0,0,64957921.95,11824082.78,2563730.91,2709582.41,3972296.71,0,2427372.37,0,15712348.3,2991936.84,22756571.63,0,8200,2014
67,200100670000000000, VALLE DE ZARAGOZA ,27380173.07,9360560,2703000,4513898.37,3620571.4,410000,2360055.93,0,1729555.77,2682531.6,0,0,25894232.66,8826661.77,2849693.7,4933326.36,4084875.5,0,1252742.3,0,1786002.12,2160930.91,0,0,5105,2014
